"filename", "language", "PHP", "Shell Script", "Batch", "JSON", "Markdown", "YAML", "CSS", "XML", "JavaScript", "HTML", "comment", "blank", "total"
"c:\Users\Juan\Documents\2ºDAW\Servidor\ProyectoConciertos\Controlador\cont_paginaCompra.php", "PHP", 0, 0, 0, 0, 0, 0, 0, 0, 0, 0, 0, 1, 1
"c:\Users\Juan\Documents\2ºDAW\Servidor\ProyectoConciertos\PHPMailer-master\README.md", "Markdown", 0, 0, 0, 0, 168, 0, 0, 0, 0, 0, 0, 64, 232
"c:\Users\Juan\Documents\2ºDAW\Servidor\ProyectoConciertos\PHPMailer-master\SECURITY.md", "Markdown", 0, 0, 0, 0, 19, 0, 0, 0, 0, 0, 0, 19, 38
"c:\Users\Juan\Documents\2ºDAW\Servidor\ProyectoConciertos\PHPMailer-master\composer.json", "JSON", 0, 0, 0, 79, 0, 0, 0, 0, 0, 0, 0, 1, 80
"c:\Users\Juan\Documents\2ºDAW\Servidor\ProyectoConciertos\PHPMailer-master\get_oauth_token.php", "PHP", 117, 0, 0, 0, 0, 0, 0, 0, 0, 0, 48, 18, 183
"c:\Users\Juan\Documents\2ºDAW\Servidor\ProyectoConciertos\PHPMailer-master\language\phpmailer.lang-af.php", "PHP", 20, 0, 0, 0, 0, 0, 0, 0, 0, 0, 4, 3, 27
"c:\Users\Juan\Documents\2ºDAW\Servidor\ProyectoConciertos\PHPMailer-master\language\phpmailer.lang-ar.php", "PHP", 20, 0, 0, 0, 0, 0, 0, 0, 0, 0, 5, 3, 28
"c:\Users\Juan\Documents\2ºDAW\Servidor\ProyectoConciertos\PHPMailer-master\language\phpmailer.lang-as.php", "PHP", 28, 0, 0, 0, 0, 0, 0, 0, 0, 0, 5, 3, 36
"c:\Users\Juan\Documents\2ºDAW\Servidor\ProyectoConciertos\PHPMailer-master\language\phpmailer.lang-az.php", "PHP", 19, 0, 0, 0, 0, 0, 0, 0, 0, 0, 6, 3, 28
"c:\Users\Juan\Documents\2ºDAW\Servidor\ProyectoConciertos\PHPMailer-master\language\phpmailer.lang-ba.php", "PHP", 20, 0, 0, 0, 0, 0, 0, 0, 0, 0, 5, 3, 28
"c:\Users\Juan\Documents\2ºDAW\Servidor\ProyectoConciertos\PHPMailer-master\language\phpmailer.lang-be.php", "PHP", 19, 0, 0, 0, 0, 0, 0, 0, 0, 0, 6, 3, 28
"c:\Users\Juan\Documents\2ºDAW\Servidor\ProyectoConciertos\PHPMailer-master\language\phpmailer.lang-bg.php", "PHP", 20, 0, 0, 0, 0, 0, 0, 0, 0, 0, 5, 3, 28
"c:\Users\Juan\Documents\2ºDAW\Servidor\ProyectoConciertos\PHPMailer-master\language\phpmailer.lang-bn.php", "PHP", 28, 0, 0, 0, 0, 0, 0, 0, 0, 0, 5, 3, 36
"c:\Users\Juan\Documents\2ºDAW\Servidor\ProyectoConciertos\PHPMailer-master\language\phpmailer.lang-ca.php", "PHP", 19, 0, 0, 0, 0, 0, 0, 0, 0, 0, 6, 3, 28
"c:\Users\Juan\Documents\2ºDAW\Servidor\ProyectoConciertos\PHPMailer-master\language\phpmailer.lang-cs.php", "PHP", 22, 0, 0, 0, 0, 0, 0, 0, 0, 0, 4, 3, 29
"c:\Users\Juan\Documents\2ºDAW\Servidor\ProyectoConciertos\PHPMailer-master\language\phpmailer.lang-da.php", "PHP", 27, 0, 0, 0, 0, 0, 0, 0, 0, 0, 7, 3, 37
"c:\Users\Juan\Documents\2ºDAW\Servidor\ProyectoConciertos\PHPMailer-master\language\phpmailer.lang-de.php", "PHP", 22, 0, 0, 0, 0, 0, 0, 0, 0, 0, 4, 3, 29
"c:\Users\Juan\Documents\2ºDAW\Servidor\ProyectoConciertos\PHPMailer-master\language\phpmailer.lang-el.php", "PHP", 27, 0, 0, 0, 0, 0, 0, 0, 0, 0, 4, 3, 34
"c:\Users\Juan\Documents\2ºDAW\Servidor\ProyectoConciertos\PHPMailer-master\language\phpmailer.lang-eo.php", "PHP", 20, 0, 0, 0, 0, 0, 0, 0, 0, 0, 4, 3, 27
"c:\Users\Juan\Documents\2ºDAW\Servidor\ProyectoConciertos\PHPMailer-master\language\phpmailer.lang-es.php", "PHP", 23, 0, 0, 0, 0, 0, 0, 0, 0, 0, 6, 3, 32
"c:\Users\Juan\Documents\2ºDAW\Servidor\ProyectoConciertos\PHPMailer-master\language\phpmailer.lang-et.php", "PHP", 20, 0, 0, 0, 0, 0, 0, 0, 0, 0, 6, 3, 29
"c:\Users\Juan\Documents\2ºDAW\Servidor\ProyectoConciertos\PHPMailer-master\language\phpmailer.lang-fa.php", "PHP", 20, 0, 0, 0, 0, 0, 0, 0, 0, 0, 6, 3, 29
"c:\Users\Juan\Documents\2ºDAW\Servidor\ProyectoConciertos\PHPMailer-master\language\phpmailer.lang-fi.php", "PHP", 13, 0, 0, 0, 0, 0, 0, 0, 0, 0, 12, 3, 28
"c:\Users\Juan\Documents\2ºDAW\Servidor\ProyectoConciertos\PHPMailer-master\language\phpmailer.lang-fo.php", "PHP", 13, 0, 0, 0, 0, 0, 0, 0, 0, 0, 12, 3, 28
"c:\Users\Juan\Documents\2ºDAW\Servidor\ProyectoConciertos\PHPMailer-master\language\phpmailer.lang-fr.php", "PHP", 27, 0, 0, 0, 0, 0, 0, 0, 0, 0, 8, 3, 38
"c:\Users\Juan\Documents\2ºDAW\Servidor\ProyectoConciertos\PHPMailer-master\language\phpmailer.lang-gl.php", "PHP", 19, 0, 0, 0, 0, 0, 0, 0, 0, 0, 6, 3, 28
"c:\Users\Juan\Documents\2ºDAW\Servidor\ProyectoConciertos\PHPMailer-master\language\phpmailer.lang-he.php", "PHP", 19, 0, 0, 0, 0, 0, 0, 0, 0, 0, 6, 3, 28
"c:\Users\Juan\Documents\2ºDAW\Servidor\ProyectoConciertos\PHPMailer-master\language\phpmailer.lang-hi.php", "PHP", 27, 0, 0, 0, 0, 0, 0, 0, 0, 0, 6, 3, 36
"c:\Users\Juan\Documents\2ºDAW\Servidor\ProyectoConciertos\PHPMailer-master\language\phpmailer.lang-hr.php", "PHP", 20, 0, 0, 0, 0, 0, 0, 0, 0, 0, 5, 3, 28
"c:\Users\Juan\Documents\2ºDAW\Servidor\ProyectoConciertos\PHPMailer-master\language\phpmailer.lang-hu.php", "PHP", 20, 0, 0, 0, 0, 0, 0, 0, 0, 0, 5, 3, 28
"c:\Users\Juan\Documents\2ºDAW\Servidor\ProyectoConciertos\PHPMailer-master\language\phpmailer.lang-hy.php", "PHP", 20, 0, 0, 0, 0, 0, 0, 0, 0, 0, 5, 3, 28
"c:\Users\Juan\Documents\2ºDAW\Servidor\ProyectoConciertos\PHPMailer-master\language\phpmailer.lang-id.php", "PHP", 22, 0, 0, 0, 0, 0, 0, 0, 0, 0, 7, 3, 32
"c:\Users\Juan\Documents\2ºDAW\Servidor\ProyectoConciertos\PHPMailer-master\language\phpmailer.lang-it.php", "PHP", 20, 0, 0, 0, 0, 0, 0, 0, 0, 0, 6, 3, 29
"c:\Users\Juan\Documents\2ºDAW\Servidor\ProyectoConciertos\PHPMailer-master\language\phpmailer.lang-ja.php", "PHP", 20, 0, 0, 0, 0, 0, 0, 0, 0, 0, 7, 3, 30
"c:\Users\Juan\Documents\2ºDAW\Servidor\ProyectoConciertos\PHPMailer-master\language\phpmailer.lang-ka.php", "PHP", 20, 0, 0, 0, 0, 0, 0, 0, 0, 0, 5, 3, 28
"c:\Users\Juan\Documents\2ºDAW\Servidor\ProyectoConciertos\PHPMailer-master\language\phpmailer.lang-ko.php", "PHP", 20, 0, 0, 0, 0, 0, 0, 0, 0, 0, 5, 3, 28
"c:\Users\Juan\Documents\2ºDAW\Servidor\ProyectoConciertos\PHPMailer-master\language\phpmailer.lang-lt.php", "PHP", 19, 0, 0, 0, 0, 0, 0, 0, 0, 0, 6, 3, 28
"c:\Users\Juan\Documents\2ºDAW\Servidor\ProyectoConciertos\PHPMailer-master\language\phpmailer.lang-lv.php", "PHP", 19, 0, 0, 0, 0, 0, 0, 0, 0, 0, 6, 3, 28
"c:\Users\Juan\Documents\2ºDAW\Servidor\ProyectoConciertos\PHPMailer-master\language\phpmailer.lang-mg.php", "PHP", 20, 0, 0, 0, 0, 0, 0, 0, 0, 0, 5, 3, 28
"c:\Users\Juan\Documents\2ºDAW\Servidor\ProyectoConciertos\PHPMailer-master\language\phpmailer.lang-mn.php", "PHP", 20, 0, 0, 0, 0, 0, 0, 0, 0, 0, 5, 3, 28
"c:\Users\Juan\Documents\2ºDAW\Servidor\ProyectoConciertos\PHPMailer-master\language\phpmailer.lang-ms.php", "PHP", 20, 0, 0, 0, 0, 0, 0, 0, 0, 0, 5, 3, 28
"c:\Users\Juan\Documents\2ºDAW\Servidor\ProyectoConciertos\PHPMailer-master\language\phpmailer.lang-nb.php", "PHP", 27, 0, 0, 0, 0, 0, 0, 0, 0, 0, 4, 3, 34
"c:\Users\Juan\Documents\2ºDAW\Servidor\ProyectoConciertos\PHPMailer-master\language\phpmailer.lang-nl.php", "PHP", 27, 0, 0, 0, 0, 0, 0, 0, 0, 0, 5, 3, 35
"c:\Users\Juan\Documents\2ºDAW\Servidor\ProyectoConciertos\PHPMailer-master\language\phpmailer.lang-pl.php", "PHP", 27, 0, 0, 0, 0, 0, 0, 0, 0, 0, 4, 3, 34
"c:\Users\Juan\Documents\2ºDAW\Servidor\ProyectoConciertos\PHPMailer-master\language\phpmailer.lang-pt.php", "PHP", 20, 0, 0, 0, 0, 0, 0, 0, 0, 0, 5, 3, 28
"c:\Users\Juan\Documents\2ºDAW\Servidor\ProyectoConciertos\PHPMailer-master\language\phpmailer.lang-pt_br.php", "PHP", 27, 0, 0, 0, 0, 0, 0, 0, 0, 0, 9, 3, 39
"c:\Users\Juan\Documents\2ºDAW\Servidor\ProyectoConciertos\PHPMailer-master\language\phpmailer.lang-ro.php", "PHP", 27, 0, 0, 0, 0, 0, 0, 0, 0, 0, 4, 3, 34
"c:\Users\Juan\Documents\2ºDAW\Servidor\ProyectoConciertos\PHPMailer-master\language\phpmailer.lang-ru.php", "PHP", 20, 0, 0, 0, 0, 0, 0, 0, 0, 0, 6, 3, 29
"c:\Users\Juan\Documents\2ºDAW\Servidor\ProyectoConciertos\PHPMailer-master\language\phpmailer.lang-si.php", "PHP", 27, 0, 0, 0, 0, 0, 0, 0, 0, 0, 5, 3, 35
"c:\Users\Juan\Documents\2ºDAW\Servidor\ProyectoConciertos\PHPMailer-master\language\phpmailer.lang-sk.php", "PHP", 22, 0, 0, 0, 0, 0, 0, 0, 0, 0, 6, 3, 31
"c:\Users\Juan\Documents\2ºDAW\Servidor\ProyectoConciertos\PHPMailer-master\language\phpmailer.lang-sl.php", "PHP", 27, 0, 0, 0, 0, 0, 0, 0, 0, 0, 7, 3, 37
"c:\Users\Juan\Documents\2ºDAW\Servidor\ProyectoConciertos\PHPMailer-master\language\phpmailer.lang-sr.php", "PHP", 20, 0, 0, 0, 0, 0, 0, 0, 0, 0, 6, 3, 29
"c:\Users\Juan\Documents\2ºDAW\Servidor\ProyectoConciertos\PHPMailer-master\language\phpmailer.lang-sr_latn.php", "PHP", 20, 0, 0, 0, 0, 0, 0, 0, 0, 0, 6, 3, 29
"c:\Users\Juan\Documents\2ºDAW\Servidor\ProyectoConciertos\PHPMailer-master\language\phpmailer.lang-sv.php", "PHP", 19, 0, 0, 0, 0, 0, 0, 0, 0, 0, 6, 3, 28
"c:\Users\Juan\Documents\2ºDAW\Servidor\ProyectoConciertos\PHPMailer-master\language\phpmailer.lang-tl.php", "PHP", 20, 0, 0, 0, 0, 0, 0, 0, 0, 0, 6, 3, 29
"c:\Users\Juan\Documents\2ºDAW\Servidor\ProyectoConciertos\PHPMailer-master\language\phpmailer.lang-tr.php", "PHP", 20, 0, 0, 0, 0, 0, 0, 0, 0, 0, 9, 3, 32
"c:\Users\Juan\Documents\2ºDAW\Servidor\ProyectoConciertos\PHPMailer-master\language\phpmailer.lang-uk.php", "PHP", 20, 0, 0, 0, 0, 0, 0, 0, 0, 0, 6, 3, 29
"c:\Users\Juan\Documents\2ºDAW\Servidor\ProyectoConciertos\PHPMailer-master\language\phpmailer.lang-vi.php", "PHP", 19, 0, 0, 0, 0, 0, 0, 0, 0, 0, 6, 3, 28
"c:\Users\Juan\Documents\2ºDAW\Servidor\ProyectoConciertos\PHPMailer-master\language\phpmailer.lang-zh.php", "PHP", 20, 0, 0, 0, 0, 0, 0, 0, 0, 0, 7, 3, 30
"c:\Users\Juan\Documents\2ºDAW\Servidor\ProyectoConciertos\PHPMailer-master\language\phpmailer.lang-zh_cn.php", "PHP", 27, 0, 0, 0, 0, 0, 0, 0, 0, 0, 7, 3, 37
"c:\Users\Juan\Documents\2ºDAW\Servidor\ProyectoConciertos\PHPMailer-master\src\DSNConfigurator.php", "PHP", 136, 0, 0, 0, 0, 0, 0, 0, 0, 0, 80, 30, 246
"c:\Users\Juan\Documents\2ºDAW\Servidor\ProyectoConciertos\PHPMailer-master\src\Exception.php", "PHP", 9, 0, 0, 0, 0, 0, 0, 0, 0, 0, 28, 4, 41
"c:\Users\Juan\Documents\2ºDAW\Servidor\ProyectoConciertos\PHPMailer-master\src\OAuth.php", "PHP", 46, 0, 0, 0, 0, 0, 0, 0, 0, 0, 79, 15, 140
"c:\Users\Juan\Documents\2ºDAW\Servidor\ProyectoConciertos\PHPMailer-master\src\OAuthTokenProvider.php", "PHP", 6, 0, 0, 0, 0, 0, 0, 0, 0, 0, 35, 4, 45
"c:\Users\Juan\Documents\2ºDAW\Servidor\ProyectoConciertos\PHPMailer-master\src\PHPMailer.php", "PHP", 2926, 0, 0, 0, 0, 0, 0, 0, 0, 0, 1933, 394, 5253
"c:\Users\Juan\Documents\2ºDAW\Servidor\ProyectoConciertos\PHPMailer-master\src\POP3.php", "PHP", 181, 0, 0, 0, 0, 0, 0, 0, 0, 0, 234, 53, 468
"c:\Users\Juan\Documents\2ºDAW\Servidor\ProyectoConciertos\PHPMailer-master\src\SMTP.php", "PHP", 737, 0, 0, 0, 0, 0, 0, 0, 0, 0, 617, 144, 1498
"c:\Users\Juan\Documents\2ºDAW\Servidor\ProyectoConciertos\Vista\Soloentradas.php", "PHP", 75, 0, 0, 0, 0, 0, 0, 0, 0, 0, 0, 22, 97
"c:\Users\Juan\Documents\2ºDAW\Servidor\ProyectoConciertos\Vista\listaEventos.php", "PHP", 1, 0, 0, 0, 0, 0, 0, 0, 0, 0, 0, 0, 1
"c:\Users\Juan\Documents\2ºDAW\Servidor\ProyectoConciertos\Vista\paginaCompra.php", "PHP", 15, 0, 0, 0, 0, 0, 0, 0, 0, 0, -10, 4, 9
"c:\Users\Juan\Documents\2ºDAW\Servidor\ProyectoConciertos\css\script.js", "JavaScript", 0, 0, 0, 0, 0, 0, 0, 0, 0, 0, 0, 1, 1
"c:\Users\Juan\Documents\2ºDAW\Servidor\ProyectoConciertos\css\style.css", "CSS", 0, 0, 0, 0, 0, 0, 3, 0, 0, 0, 0, 1, 4
"c:\Users\Juan\Documents\2ºDAW\Servidor\ProyectoConciertos\dompdf\AUTHORS.md", "Markdown", 0, 0, 0, 0, 17, 0, 0, 0, 0, 0, 0, 8, 25
"c:\Users\Juan\Documents\2ºDAW\Servidor\ProyectoConciertos\dompdf\README.md", "Markdown", 0, 0, 0, 0, 168, 0, 0, 0, 0, 0, 0, 65, 233
"c:\Users\Juan\Documents\2ºDAW\Servidor\ProyectoConciertos\dompdf\autoload.inc.php", "PHP", 1, 0, 0, 0, 0, 0, 0, 0, 0, 0, 0, 0, 1
"c:\Users\Juan\Documents\2ºDAW\Servidor\ProyectoConciertos\dompdf\vendor\autoload.php", "PHP", 3, 0, 0, 0, 0, 0, 0, 0, 0, 0, 1, 4, 8
"c:\Users\Juan\Documents\2ºDAW\Servidor\ProyectoConciertos\dompdf\vendor\composer\ClassLoader.php", "PHP", 276, 0, 0, 0, 0, 0, 0, 0, 0, 0, 240, 57, 573
"c:\Users\Juan\Documents\2ºDAW\Servidor\ProyectoConciertos\dompdf\vendor\composer\InstalledVersions.php", "PHP", 174, 0, 0, 0, 0, 0, 0, 0, 0, 0, 129, 48, 351
"c:\Users\Juan\Documents\2ºDAW\Servidor\ProyectoConciertos\dompdf\vendor\composer\autoload_classmap.php", "PHP", 7, 0, 0, 0, 0, 0, 0, 0, 0, 0, 1, 4, 12
"c:\Users\Juan\Documents\2ºDAW\Servidor\ProyectoConciertos\dompdf\vendor\composer\autoload_namespaces.php", "PHP", 5, 0, 0, 0, 0, 0, 0, 0, 0, 0, 1, 4, 10
"c:\Users\Juan\Documents\2ºDAW\Servidor\ProyectoConciertos\dompdf\vendor\composer\autoload_psr4.php", "PHP", 10, 0, 0, 0, 0, 0, 0, 0, 0, 0, 1, 4, 15
"c:\Users\Juan\Documents\2ºDAW\Servidor\ProyectoConciertos\dompdf\vendor\composer\autoload_real.php", "PHP", 41, 0, 0, 0, 0, 0, 0, 0, 0, 0, 4, 13, 58
"c:\Users\Juan\Documents\2ºDAW\Servidor\ProyectoConciertos\dompdf\vendor\composer\autoload_static.php", "PHP", 58, 0, 0, 0, 0, 0, 0, 0, 0, 0, 1, 8, 67
"c:\Users\Juan\Documents\2ºDAW\Servidor\ProyectoConciertos\dompdf\vendor\composer\installed.json", "JSON", 0, 0, 0, 295, 0, 0, 0, 0, 0, 0, 0, 1, 296
"c:\Users\Juan\Documents\2ºDAW\Servidor\ProyectoConciertos\dompdf\vendor\composer\installed.php", "PHP", 68, 0, 0, 0, 0, 0, 0, 0, 0, 0, 0, 1, 69
"c:\Users\Juan\Documents\2ºDAW\Servidor\ProyectoConciertos\dompdf\vendor\composer\platform_check.php", "PHP", 21, 0, 0, 0, 0, 0, 0, 0, 0, 0, 1, 5, 27
"c:\Users\Juan\Documents\2ºDAW\Servidor\ProyectoConciertos\dompdf\vendor\dompdf\dompdf\AUTHORS.md", "Markdown", 0, 0, 0, 0, 17, 0, 0, 0, 0, 0, 0, 8, 25
"c:\Users\Juan\Documents\2ºDAW\Servidor\ProyectoConciertos\dompdf\vendor\dompdf\dompdf\README.md", "Markdown", 0, 0, 0, 0, 168, 0, 0, 0, 0, 0, 0, 65, 233
"c:\Users\Juan\Documents\2ºDAW\Servidor\ProyectoConciertos\dompdf\vendor\dompdf\dompdf\composer.json", "JSON", 0, 0, 0, 47, 0, 0, 0, 0, 0, 0, 0, 1, 48
"c:\Users\Juan\Documents\2ºDAW\Servidor\ProyectoConciertos\dompdf\vendor\dompdf\dompdf\lib\Cpdf.php", "PHP", 3949, 0, 0, 0, 0, 0, 0, 0, 0, 0, 1612, 941, 6502
"c:\Users\Juan\Documents\2ºDAW\Servidor\ProyectoConciertos\dompdf\vendor\dompdf\dompdf\lib\fonts\Times-Bold.afm.json", "JSON", 0, 0, 0, 569, 0, 0, 0, 0, 0, 0, 0, 0, 569
"c:\Users\Juan\Documents\2ºDAW\Servidor\ProyectoConciertos\dompdf\vendor\dompdf\dompdf\lib\fonts\Times-Roman.afm.json", "JSON", 0, 0, 0, 569, 0, 0, 0, 0, 0, 0, 0, 0, 569
"c:\Users\Juan\Documents\2ºDAW\Servidor\ProyectoConciertos\dompdf\vendor\dompdf\dompdf\lib\fonts\installed-fonts.dist.json", "JSON", 0, 0, 0, 80, 0, 0, 0, 0, 0, 0, 0, 0, 80
"c:\Users\Juan\Documents\2ºDAW\Servidor\ProyectoConciertos\dompdf\vendor\dompdf\dompdf\lib\fonts\mustRead.html", "HTML", 0, 0, 0, 0, 0, 0, 0, 0, 0, 17, 0, 0, 17
"c:\Users\Juan\Documents\2ºDAW\Servidor\ProyectoConciertos\dompdf\vendor\dompdf\dompdf\lib\res\broken_image.svg", "XML", 0, 0, 0, 0, 0, 0, 0, 8, 0, 0, 0, 0, 8
"c:\Users\Juan\Documents\2ºDAW\Servidor\ProyectoConciertos\dompdf\vendor\dompdf\dompdf\lib\res\html.css", "CSS", 0, 0, 0, 0, 0, 0, 391, 0, 0, 0, 35, 93, 519
"c:\Users\Juan\Documents\2ºDAW\Servidor\ProyectoConciertos\dompdf\vendor\dompdf\dompdf\src\Adapter\CPDF.php", "PHP", 563, 0, 0, 0, 0, 0, 0, 0, 0, 0, 237, 145, 945
"c:\Users\Juan\Documents\2ºDAW\Servidor\ProyectoConciertos\dompdf\vendor\dompdf\dompdf\src\Adapter\GD.php", "PHP", 535, 0, 0, 0, 0, 0, 0, 0, 0, 0, 229, 166, 930
"c:\Users\Juan\Documents\2ºDAW\Servidor\ProyectoConciertos\dompdf\vendor\dompdf\dompdf\src\Adapter\PDFLib.php", "PHP", 885, 0, 0, 0, 0, 0, 0, 0, 0, 0, 339, 227, 1451
"c:\Users\Juan\Documents\2ºDAW\Servidor\ProyectoConciertos\dompdf\vendor\dompdf\dompdf\src\Canvas.php", "PHP", 46, 0, 0, 0, 0, 0, 0, 0, 0, 0, 389, 43, 478
"c:\Users\Juan\Documents\2ºDAW\Servidor\ProyectoConciertos\dompdf\vendor\dompdf\dompdf\src\CanvasFactory.php", "PHP", 29, 0, 0, 0, 0, 0, 0, 0, 0, 0, 24, 6, 59
"c:\Users\Juan\Documents\2ºDAW\Servidor\ProyectoConciertos\dompdf\vendor\dompdf\dompdf\src\Cellmap.php", "PHP", 592, 0, 0, 0, 0, 0, 0, 0, 0, 0, 254, 154, 1000
"c:\Users\Juan\Documents\2ºDAW\Servidor\ProyectoConciertos\dompdf\vendor\dompdf\dompdf\src\Css\AttributeTranslator.php", "PHP", 423, 0, 0, 0, 0, 0, 0, 0, 0, 0, 145, 85, 653
"c:\Users\Juan\Documents\2ºDAW\Servidor\ProyectoConciertos\dompdf\vendor\dompdf\dompdf\src\Css\Color.php", "PHP", 272, 0, 0, 0, 0, 0, 0, 0, 0, 0, 32, 36, 340
"c:\Users\Juan\Documents\2ºDAW\Servidor\ProyectoConciertos\dompdf\vendor\dompdf\dompdf\src\Css\Style.php", "PHP", 2178, 0, 0, 0, 0, 0, 0, 0, 0, 0, 1102, 464, 3744
"c:\Users\Juan\Documents\2ºDAW\Servidor\ProyectoConciertos\dompdf\vendor\dompdf\dompdf\src\Css\Stylesheet.php", "PHP", 814, 0, 0, 0, 0, 0, 0, 0, 0, 0, 639, 203, 1656
"c:\Users\Juan\Documents\2ºDAW\Servidor\ProyectoConciertos\dompdf\vendor\dompdf\dompdf\src\Dompdf.php", "PHP", 696, 0, 0, 0, 0, 0, 0, 0, 0, 0, 593, 182, 1471
"c:\Users\Juan\Documents\2ºDAW\Servidor\ProyectoConciertos\dompdf\vendor\dompdf\dompdf\src\Exception.php", "PHP", 9, 0, 0, 0, 0, 0, 0, 0, 0, 0, 16, 3, 28
"c:\Users\Juan\Documents\2ºDAW\Servidor\ProyectoConciertos\dompdf\vendor\dompdf\dompdf\src\Exception\ImageException.php", "PHP", 10, 0, 0, 0, 0, 0, 0, 0, 0, 0, 16, 5, 31
"c:\Users\Juan\Documents\2ºDAW\Servidor\ProyectoConciertos\dompdf\vendor\dompdf\dompdf\src\FontMetrics.php", "PHP", 332, 0, 0, 0, 0, 0, 0, 0, 0, 0, 215, 89, 636
"c:\Users\Juan\Documents\2ºDAW\Servidor\ProyectoConciertos\dompdf\vendor\dompdf\dompdf\src\Frame.php", "PHP", 678, 0, 0, 0, 0, 0, 0, 0, 0, 0, 354, 186, 1218
"c:\Users\Juan\Documents\2ºDAW\Servidor\ProyectoConciertos\dompdf\vendor\dompdf\dompdf\src\FrameDecorator\AbstractFrameDecorator.php", "PHP", 545, 0, 0, 0, 0, 0, 0, 0, 0, 0, 229, 150, 924
"c:\Users\Juan\Documents\2ºDAW\Servidor\ProyectoConciertos\dompdf\vendor\dompdf\dompdf\src\FrameDecorator\Block.php", "PHP", 136, 0, 0, 0, 0, 0, 0, 0, 0, 0, 84, 37, 257
"c:\Users\Juan\Documents\2ºDAW\Servidor\ProyectoConciertos\dompdf\vendor\dompdf\dompdf\src\FrameDecorator\Image.php", "PHP", 57, 0, 0, 0, 0, 0, 0, 0, 0, 0, 48, 16, 121
"c:\Users\Juan\Documents\2ºDAW\Servidor\ProyectoConciertos\dompdf\vendor\dompdf\dompdf\src\FrameDecorator\Inline.php", "PHP", 67, 0, 0, 0, 0, 0, 0, 0, 0, 0, 36, 19, 122
"c:\Users\Juan\Documents\2ºDAW\Servidor\ProyectoConciertos\dompdf\vendor\dompdf\dompdf\src\FrameDecorator\ListBullet.php", "PHP", 50, 0, 0, 0, 0, 0, 0, 0, 0, 0, 48, 20, 118
"c:\Users\Juan\Documents\2ºDAW\Servidor\ProyectoConciertos\dompdf\vendor\dompdf\dompdf\src\FrameDecorator\ListBulletImage.php", "PHP", 57, 0, 0, 0, 0, 0, 0, 0, 0, 0, 40, 16, 113
"c:\Users\Juan\Documents\2ºDAW\Servidor\ProyectoConciertos\dompdf\vendor\dompdf\dompdf\src\FrameDecorator\NullFrameDecorator.php", "PHP", 16, 0, 0, 0, 0, 0, 0, 0, 0, 0, 15, 3, 34
"c:\Users\Juan\Documents\2ºDAW\Servidor\ProyectoConciertos\dompdf\vendor\dompdf\dompdf\src\FrameDecorator\Page.php", "PHP", 394, 0, 0, 0, 0, 0, 0, 0, 0, 0, 237, 123, 754
"c:\Users\Juan\Documents\2ºDAW\Servidor\ProyectoConciertos\dompdf\vendor\dompdf\dompdf\src\FrameDecorator\Table.php", "PHP", 193, 0, 0, 0, 0, 0, 0, 0, 0, 0, 91, 60, 344
"c:\Users\Juan\Documents\2ºDAW\Servidor\ProyectoConciertos\dompdf\vendor\dompdf\dompdf\src\FrameDecorator\TableCell.php", "PHP", 82, 0, 0, 0, 0, 0, 0, 0, 0, 0, 41, 21, 144
"c:\Users\Juan\Documents\2ºDAW\Servidor\ProyectoConciertos\dompdf\vendor\dompdf\dompdf\src\FrameDecorator\TableRow.php", "PHP", 11, 0, 0, 0, 0, 0, 0, 0, 0, 0, 15, 3, 29
"c:\Users\Juan\Documents\2ºDAW\Servidor\ProyectoConciertos\dompdf\vendor\dompdf\dompdf\src\FrameDecorator\TableRowGroup.php", "PHP", 37, 0, 0, 0, 0, 0, 0, 0, 0, 0, 27, 11, 75
"c:\Users\Juan\Documents\2ºDAW\Servidor\ProyectoConciertos\dompdf\vendor\dompdf\dompdf\src\FrameDecorator\Text.php", "PHP", 88, 0, 0, 0, 0, 0, 0, 0, 0, 0, 77, 27, 192
"c:\Users\Juan\Documents\2ºDAW\Servidor\ProyectoConciertos\dompdf\vendor\dompdf\dompdf\src\FrameReflower\AbstractFrameReflower.php", "PHP", 416, 0, 0, 0, 0, 0, 0, 0, 0, 0, 189, 101, 706
"c:\Users\Juan\Documents\2ºDAW\Servidor\ProyectoConciertos\dompdf\vendor\dompdf\dompdf\src\FrameReflower\Block.php", "PHP", 642, 0, 0, 0, 0, 0, 0, 0, 0, 0, 161, 146, 949
"c:\Users\Juan\Documents\2ºDAW\Servidor\ProyectoConciertos\dompdf\vendor\dompdf\dompdf\src\FrameReflower\Image.php", "PHP", 129, 0, 0, 0, 0, 0, 0, 0, 0, 0, 55, 30, 214
"c:\Users\Juan\Documents\2ºDAW\Servidor\ProyectoConciertos\dompdf\vendor\dompdf\dompdf\src\FrameReflower\Inline.php", "PHP", 114, 0, 0, 0, 0, 0, 0, 0, 0, 0, 46, 29, 189
"c:\Users\Juan\Documents\2ºDAW\Servidor\ProyectoConciertos\dompdf\vendor\dompdf\dompdf\src\FrameReflower\ListBullet.php", "PHP", 26, 0, 0, 0, 0, 0, 0, 0, 0, 0, 18, 8, 52
"c:\Users\Juan\Documents\2ºDAW\Servidor\ProyectoConciertos\dompdf\vendor\dompdf\dompdf\src\FrameReflower\NullFrameReflower.php", "PHP", 15, 0, 0, 0, 0, 0, 0, 0, 0, 0, 17, 6, 38
"c:\Users\Juan\Documents\2ºDAW\Servidor\ProyectoConciertos\dompdf\vendor\dompdf\dompdf\src\FrameReflower\Page.php", "PHP", 110, 0, 0, 0, 0, 0, 0, 0, 0, 0, 55, 35, 200
"c:\Users\Juan\Documents\2ºDAW\Servidor\ProyectoConciertos\dompdf\vendor\dompdf\dompdf\src\FrameReflower\Table.php", "PHP", 326, 0, 0, 0, 0, 0, 0, 0, 0, 0, 103, 95, 524
"c:\Users\Juan\Documents\2ºDAW\Servidor\ProyectoConciertos\dompdf\vendor\dompdf\dompdf\src\FrameReflower\TableCell.php", "PHP", 96, 0, 0, 0, 0, 0, 0, 0, 0, 0, 31, 35, 162
"c:\Users\Juan\Documents\2ºDAW\Servidor\ProyectoConciertos\dompdf\vendor\dompdf\dompdf\src\FrameReflower\TableRow.php", "PHP", 45, 0, 0, 0, 0, 0, 0, 0, 0, 0, 24, 14, 83
"c:\Users\Juan\Documents\2ºDAW\Servidor\ProyectoConciertos\dompdf\vendor\dompdf\dompdf\src\FrameReflower\TableRowGroup.php", "PHP", 36, 0, 0, 0, 0, 0, 0, 0, 0, 0, 22, 14, 72
"c:\Users\Juan\Documents\2ºDAW\Servidor\ProyectoConciertos\dompdf\vendor\dompdf\dompdf\src\FrameReflower\Text.php", "PHP", 370, 0, 0, 0, 0, 0, 0, 0, 0, 0, 154, 88, 612
"c:\Users\Juan\Documents\2ºDAW\Servidor\ProyectoConciertos\dompdf\vendor\dompdf\dompdf\src\Frame\Factory.php", "PHP", 172, 0, 0, 0, 0, 0, 0, 0, 0, 0, 51, 40, 263
"c:\Users\Juan\Documents\2ºDAW\Servidor\ProyectoConciertos\dompdf\vendor\dompdf\dompdf\src\Frame\FrameListIterator.php", "PHP", 49, 0, 0, 0, 0, 0, 0, 0, 0, 0, 39, 13, 101
"c:\Users\Juan\Documents\2ºDAW\Servidor\ProyectoConciertos\dompdf\vendor\dompdf\dompdf\src\Frame\FrameTree.php", "PHP", 173, 0, 0, 0, 0, 0, 0, 0, 0, 0, 118, 34, 325
"c:\Users\Juan\Documents\2ºDAW\Servidor\ProyectoConciertos\dompdf\vendor\dompdf\dompdf\src\Frame\FrameTreeIterator.php", "PHP", 43, 0, 0, 0, 0, 0, 0, 0, 0, 0, 34, 12, 89
"c:\Users\Juan\Documents\2ºDAW\Servidor\ProyectoConciertos\dompdf\vendor\dompdf\dompdf\src\Helpers.php", "PHP", 711, 0, 0, 0, 0, 0, 0, 0, 0, 0, 258, 125, 1094
"c:\Users\Juan\Documents\2ºDAW\Servidor\ProyectoConciertos\dompdf\vendor\dompdf\dompdf\src\Image\Cache.php", "PHP", 172, 0, 0, 0, 0, 0, 0, 0, 0, 0, 56, 32, 260
"c:\Users\Juan\Documents\2ºDAW\Servidor\ProyectoConciertos\dompdf\vendor\dompdf\dompdf\src\JavascriptEmbedder.php", "PHP", 21, 0, 0, 0, 0, 0, 0, 0, 0, 0, 24, 7, 52
"c:\Users\Juan\Documents\2ºDAW\Servidor\ProyectoConciertos\dompdf\vendor\dompdf\dompdf\src\LineBox.php", "PHP", 215, 0, 0, 0, 0, 0, 0, 0, 0, 0, 125, 73, 413
"c:\Users\Juan\Documents\2ºDAW\Servidor\ProyectoConciertos\dompdf\vendor\dompdf\dompdf\src\Options.php", "PHP", 562, 0, 0, 0, 0, 0, 0, 0, 0, 0, 488, 110, 1160
"c:\Users\Juan\Documents\2ºDAW\Servidor\ProyectoConciertos\dompdf\vendor\dompdf\dompdf\src\PhpEvaluator.php", "PHP", 28, 0, 0, 0, 0, 0, 0, 0, 0, 0, 26, 9, 63
"c:\Users\Juan\Documents\2ºDAW\Servidor\ProyectoConciertos\dompdf\vendor\dompdf\dompdf\src\Positioner\Absolute.php", "PHP", 74, 0, 0, 0, 0, 0, 0, 0, 0, 0, 41, 14, 129
"c:\Users\Juan\Documents\2ºDAW\Servidor\ProyectoConciertos\dompdf\vendor\dompdf\dompdf\src\Positioner\AbstractPositioner.php", "PHP", 21, 0, 0, 0, 0, 0, 0, 0, 0, 0, 21, 7, 49
"c:\Users\Juan\Documents\2ºDAW\Servidor\ProyectoConciertos\dompdf\vendor\dompdf\dompdf\src\Positioner\Block.php", "PHP", 23, 0, 0, 0, 0, 0, 0, 0, 0, 0, 10, 8, 41
"c:\Users\Juan\Documents\2ºDAW\Servidor\ProyectoConciertos\dompdf\vendor\dompdf\dompdf\src\Positioner\Fixed.php", "PHP", 66, 0, 0, 0, 0, 0, 0, 0, 0, 0, 16, 11, 93
"c:\Users\Juan\Documents\2ºDAW\Servidor\ProyectoConciertos\dompdf\vendor\dompdf\dompdf\src\Positioner\Inline.php", "PHP", 27, 0, 0, 0, 0, 0, 0, 0, 0, 0, 17, 9, 53
"c:\Users\Juan\Documents\2ºDAW\Servidor\ProyectoConciertos\dompdf\vendor\dompdf\dompdf\src\Positioner\ListBullet.php", "PHP", 19, 0, 0, 0, 0, 0, 0, 0, 0, 0, 18, 6, 43
"c:\Users\Juan\Documents\2ºDAW\Servidor\ProyectoConciertos\dompdf\vendor\dompdf\dompdf\src\Positioner\NullPositioner.php", "PHP", 10, 0, 0, 0, 0, 0, 0, 0, 0, 0, 13, 4, 27
"c:\Users\Juan\Documents\2ºDAW\Servidor\ProyectoConciertos\dompdf\vendor\dompdf\dompdf\src\Positioner\TableCell.php", "PHP", 13, 0, 0, 0, 0, 0, 0, 0, 0, 0, 13, 4, 30
"c:\Users\Juan\Documents\2ºDAW\Servidor\ProyectoConciertos\dompdf\vendor\dompdf\dompdf\src\Positioner\TableRow.php", "PHP", 17, 0, 0, 0, 0, 0, 0, 0, 0, 0, 13, 5, 35
"c:\Users\Juan\Documents\2ºDAW\Servidor\ProyectoConciertos\dompdf\vendor\dompdf\dompdf\src\Renderer.php", "PHP", 181, 0, 0, 0, 0, 0, 0, 0, 0, 0, 56, 55, 292
"c:\Users\Juan\Documents\2ºDAW\Servidor\ProyectoConciertos\dompdf\vendor\dompdf\dompdf\src\Renderer\AbstractRenderer.php", "PHP", 780, 0, 0, 0, 0, 0, 0, 0, 0, 0, 289, 176, 1245
"c:\Users\Juan\Documents\2ºDAW\Servidor\ProyectoConciertos\dompdf\vendor\dompdf\dompdf\src\Renderer\Block.php", "PHP", 55, 0, 0, 0, 0, 0, 0, 0, 0, 0, 16, 18, 89
"c:\Users\Juan\Documents\2ºDAW\Servidor\ProyectoConciertos\dompdf\vendor\dompdf\dompdf\src\Renderer\Image.php", "PHP", 62, 0, 0, 0, 0, 0, 0, 0, 0, 0, 14, 15, 91
"c:\Users\Juan\Documents\2ºDAW\Servidor\ProyectoConciertos\dompdf\vendor\dompdf\dompdf\src\Renderer\Inline.php", "PHP", 84, 0, 0, 0, 0, 0, 0, 0, 0, 0, 19, 24, 127
"c:\Users\Juan\Documents\2ºDAW\Servidor\ProyectoConciertos\dompdf\vendor\dompdf\dompdf\src\Renderer\ListBullet.php", "PHP", 172, 0, 0, 0, 0, 0, 0, 0, 0, 0, 28, 36, 236
"c:\Users\Juan\Documents\2ºDAW\Servidor\ProyectoConciertos\dompdf\vendor\dompdf\dompdf\src\Renderer\TableCell.php", "PHP", 123, 0, 0, 0, 0, 0, 0, 0, 0, 0, 29, 37, 189
"c:\Users\Juan\Documents\2ºDAW\Servidor\ProyectoConciertos\dompdf\vendor\dompdf\dompdf\src\Renderer\TableRowGroup.php", "PHP", 19, 0, 0, 0, 0, 0, 0, 0, 0, 0, 13, 9, 41
"c:\Users\Juan\Documents\2ºDAW\Servidor\ProyectoConciertos\dompdf\vendor\dompdf\dompdf\src\Renderer\Text.php", "PHP", 92, 0, 0, 0, 0, 0, 0, 0, 0, 0, 33, 34, 159
"c:\Users\Juan\Documents\2ºDAW\Servidor\ProyectoConciertos\dompdf\vendor\masterminds\html5\README.md", "Markdown", 0, 0, 0, 0, 207, 0, 0, 0, 0, 0, 0, 64, 271
"c:\Users\Juan\Documents\2ºDAW\Servidor\ProyectoConciertos\dompdf\vendor\masterminds\html5\RELEASE.md", "Markdown", 0, 0, 0, 0, 115, 0, 0, 0, 0, 0, 0, 43, 158
"c:\Users\Juan\Documents\2ºDAW\Servidor\ProyectoConciertos\dompdf\vendor\masterminds\html5\UPGRADING.md", "Markdown", 0, 0, 0, 0, 12, 0, 0, 0, 0, 0, 0, 10, 22
"c:\Users\Juan\Documents\2ºDAW\Servidor\ProyectoConciertos\dompdf\vendor\masterminds\html5\bin\entities.php", "PHP", 16, 0, 0, 0, 0, 0, 0, 0, 0, 0, 6, 5, 27
"c:\Users\Juan\Documents\2ºDAW\Servidor\ProyectoConciertos\dompdf\vendor\masterminds\html5\composer.json", "JSON", 0, 0, 0, 42, 0, 0, 0, 0, 0, 0, 0, 1, 43
"c:\Users\Juan\Documents\2ºDAW\Servidor\ProyectoConciertos\dompdf\vendor\masterminds\html5\src\HTML5.php", "PHP", 97, 0, 0, 0, 0, 0, 0, 0, 0, 0, 123, 27, 247
"c:\Users\Juan\Documents\2ºDAW\Servidor\ProyectoConciertos\dompdf\vendor\masterminds\html5\src\HTML5\Elements.php", "PHP", 420, 0, 0, 0, 0, 0, 0, 0, 0, 0, 170, 30, 620
"c:\Users\Juan\Documents\2ºDAW\Servidor\ProyectoConciertos\dompdf\vendor\masterminds\html5\src\HTML5\Entities.php", "PHP", 2230, 0, 0, 0, 0, 0, 0, 0, 0, 0, 4, 3, 2237
"c:\Users\Juan\Documents\2ºDAW\Servidor\ProyectoConciertos\dompdf\vendor\masterminds\html5\src\HTML5\Exception.php", "PHP", 5, 0, 0, 0, 0, 0, 0, 0, 0, 0, 3, 3, 11
"c:\Users\Juan\Documents\2ºDAW\Servidor\ProyectoConciertos\dompdf\vendor\masterminds\html5\src\HTML5\InstructionProcessor.php", "PHP", 6, 0, 0, 0, 0, 0, 0, 0, 0, 0, 33, 3, 42
"c:\Users\Juan\Documents\2ºDAW\Servidor\ProyectoConciertos\dompdf\vendor\masterminds\html5\src\HTML5\Parser\CharacterReference.php", "PHP", 25, 0, 0, 0, 0, 0, 0, 0, 0, 0, 29, 8, 62
"c:\Users\Juan\Documents\2ºDAW\Servidor\ProyectoConciertos\dompdf\vendor\masterminds\html5\src\HTML5\Parser\DOMTreeBuilder.php", "PHP", 398, 0, 0, 0, 0, 0, 0, 0, 0, 0, 182, 126, 706
"c:\Users\Juan\Documents\2ºDAW\Servidor\ProyectoConciertos\dompdf\vendor\masterminds\html5\src\HTML5\Parser\EventHandler.php", "PHP", 17, 0, 0, 0, 0, 0, 0, 0, 0, 0, 84, 14, 115
"c:\Users\Juan\Documents\2ºDAW\Servidor\ProyectoConciertos\dompdf\vendor\masterminds\html5\src\HTML5\Parser\FileInputStream.php", "PHP", 10, 0, 0, 0, 0, 0, 0, 0, 0, 0, 20, 4, 34
"c:\Users\Juan\Documents\2ºDAW\Servidor\ProyectoConciertos\dompdf\vendor\masterminds\html5\src\HTML5\Parser\InputStream.php", "PHP", 12, 0, 0, 0, 0, 0, 0, 0, 0, 0, 67, 9, 88
"c:\Users\Juan\Documents\2ºDAW\Servidor\ProyectoConciertos\dompdf\vendor\masterminds\html5\src\HTML5\Parser\ParseError.php", "PHP", 5, 0, 0, 0, 0, 0, 0, 0, 0, 0, 3, 3, 11
"c:\Users\Juan\Documents\2ºDAW\Servidor\ProyectoConciertos\dompdf\vendor\masterminds\html5\src\HTML5\Parser\README.md", "Markdown", 0, 0, 0, 0, 36, 0, 0, 0, 0, 0, 0, 18, 54
"c:\Users\Juan\Documents\2ºDAW\Servidor\ProyectoConciertos\dompdf\vendor\masterminds\html5\src\HTML5\Parser\Scanner.php", "PHP", 167, 0, 0, 0, 0, 0, 0, 0, 0, 0, 196, 54, 417
"c:\Users\Juan\Documents\2ºDAW\Servidor\ProyectoConciertos\dompdf\vendor\masterminds\html5\src\HTML5\Parser\StringInputStream.php", "PHP", 133, 0, 0, 0, 0, 0, 0, 0, 0, 0, 160, 39, 332
"c:\Users\Juan\Documents\2ºDAW\Servidor\ProyectoConciertos\dompdf\vendor\masterminds\html5\src\HTML5\Parser\Tokenizer.php", "PHP", 659, 0, 0, 0, 0, 0, 0, 0, 0, 0, 353, 186, 1198
"c:\Users\Juan\Documents\2ºDAW\Servidor\ProyectoConciertos\dompdf\vendor\masterminds\html5\src\HTML5\Parser\TreeBuildingRules.php", "PHP", 95, 0, 0, 0, 0, 0, 0, 0, 0, 0, 21, 12, 128
"c:\Users\Juan\Documents\2ºDAW\Servidor\ProyectoConciertos\dompdf\vendor\masterminds\html5\src\HTML5\Parser\UTF8Utils.php", "PHP", 64, 0, 0, 0, 0, 0, 0, 0, 0, 0, 101, 19, 184
"c:\Users\Juan\Documents\2ºDAW\Servidor\ProyectoConciertos\dompdf\vendor\masterminds\html5\src\HTML5\Serializer\HTML5Entities.php", "PHP", 1517, 0, 0, 0, 0, 0, 0, 0, 0, 0, 14, 3, 1534
"c:\Users\Juan\Documents\2ºDAW\Servidor\ProyectoConciertos\dompdf\vendor\masterminds\html5\src\HTML5\Serializer\OutputRules.php", "PHP", 344, 0, 0, 0, 0, 0, 0, 0, 0, 0, 142, 68, 554
"c:\Users\Juan\Documents\2ºDAW\Servidor\ProyectoConciertos\dompdf\vendor\masterminds\html5\src\HTML5\Serializer\README.md", "Markdown", 0, 0, 0, 0, 22, 0, 0, 0, 0, 0, 0, 11, 33
"c:\Users\Juan\Documents\2ºDAW\Servidor\ProyectoConciertos\dompdf\vendor\masterminds\html5\src\HTML5\Serializer\RulesInterface.php", "PHP", 13, 0, 0, 0, 0, 0, 0, 0, 0, 0, 77, 10, 100
"c:\Users\Juan\Documents\2ºDAW\Servidor\ProyectoConciertos\dompdf\vendor\masterminds\html5\src\HTML5\Serializer\Traverser.php", "PHP", 76, 0, 0, 0, 0, 0, 0, 0, 0, 0, 51, 16, 143
"c:\Users\Juan\Documents\2ºDAW\Servidor\ProyectoConciertos\dompdf\vendor\phenx\php-font-lib\.github\workflows\phpunit.yml", "YAML", 0, 0, 0, 0, 0, 35, 0, 0, 0, 0, 0, 10, 45
"c:\Users\Juan\Documents\2ºDAW\Servidor\ProyectoConciertos\dompdf\vendor\phenx\php-font-lib\README.md", "Markdown", 0, 0, 0, 0, 22, 0, 0, 0, 0, 0, 0, 7, 29
"c:\Users\Juan\Documents\2ºDAW\Servidor\ProyectoConciertos\dompdf\vendor\phenx\php-font-lib\bower.json", "JSON", 0, 0, 0, 23, 0, 0, 0, 0, 0, 0, 0, 0, 23
"c:\Users\Juan\Documents\2ºDAW\Servidor\ProyectoConciertos\dompdf\vendor\phenx\php-font-lib\composer.json", "JSON", 0, 0, 0, 32, 0, 0, 0, 0, 0, 0, 0, 1, 33
"c:\Users\Juan\Documents\2ºDAW\Servidor\ProyectoConciertos\dompdf\vendor\phenx\php-font-lib\index.php", "PHP", 1, 0, 0, 0, 0, 0, 0, 0, 0, 0, 0, 0, 1
"c:\Users\Juan\Documents\2ºDAW\Servidor\ProyectoConciertos\dompdf\vendor\phenx\php-font-lib\src\FontLib\AdobeFontMetrics.php", "PHP", 155, 0, 0, 0, 0, 0, 0, 0, 0, 0, 14, 49, 218
"c:\Users\Juan\Documents\2ºDAW\Servidor\ProyectoConciertos\dompdf\vendor\phenx\php-font-lib\src\FontLib\Autoloader.php", "PHP", 19, 0, 0, 0, 0, 0, 0, 0, 0, 0, 19, 5, 43
"c:\Users\Juan\Documents\2ºDAW\Servidor\ProyectoConciertos\dompdf\vendor\phenx\php-font-lib\src\FontLib\BinaryStream.php", "PHP", 291, 0, 0, 0, 0, 0, 0, 0, 0, 0, 86, 73, 450
"c:\Users\Juan\Documents\2ºDAW\Servidor\ProyectoConciertos\dompdf\vendor\phenx\php-font-lib\src\FontLib\EOT\File.php", "PHP", 68, 0, 0, 0, 0, 0, 0, 0, 0, 0, 70, 22, 160
"c:\Users\Juan\Documents\2ºDAW\Servidor\ProyectoConciertos\dompdf\vendor\phenx\php-font-lib\src\FontLib\EOT\Header.php", "PHP", 78, 0, 0, 0, 0, 0, 0, 0, 0, 0, 15, 20, 113
"c:\Users\Juan\Documents\2ºDAW\Servidor\ProyectoConciertos\dompdf\vendor\phenx\php-font-lib\src\FontLib\EncodingMap.php", "PHP", 19, 0, 0, 0, 0, 0, 0, 0, 0, 0, 11, 8, 38
"c:\Users\Juan\Documents\2ºDAW\Servidor\ProyectoConciertos\dompdf\vendor\phenx\php-font-lib\src\FontLib\Exception\FontNotFoundException.php", "PHP", 9, 0, 0, 0, 0, 0, 0, 0, 0, 0, 0, 2, 11
"c:\Users\Juan\Documents\2ºDAW\Servidor\ProyectoConciertos\dompdf\vendor\phenx\php-font-lib\src\FontLib\Font.php", "PHP", 53, 0, 0, 0, 0, 0, 0, 0, 0, 0, 18, 19, 90
"c:\Users\Juan\Documents\2ºDAW\Servidor\ProyectoConciertos\dompdf\vendor\phenx\php-font-lib\src\FontLib\Glyph\Outline.php", "PHP", 57, 0, 0, 0, 0, 0, 0, 0, 0, 0, 32, 21, 110
"c:\Users\Juan\Documents\2ºDAW\Servidor\ProyectoConciertos\dompdf\vendor\phenx\php-font-lib\src\FontLib\Glyph\OutlineComponent.php", "PHP", 17, 0, 0, 0, 0, 0, 0, 0, 0, 0, 12, 2, 31
"c:\Users\Juan\Documents\2ºDAW\Servidor\ProyectoConciertos\dompdf\vendor\phenx\php-font-lib\src\FontLib\Glyph\OutlineComposite.php", "PHP", 181, 0, 0, 0, 0, 0, 0, 0, 0, 0, 23, 38, 242
"c:\Users\Juan\Documents\2ºDAW\Servidor\ProyectoConciertos\dompdf\vendor\phenx\php-font-lib\src\FontLib\Glyph\OutlineSimple.php", "PHP", 251, 0, 0, 0, 0, 0, 0, 0, 0, 0, 23, 62, 336
"c:\Users\Juan\Documents\2ºDAW\Servidor\ProyectoConciertos\dompdf\vendor\phenx\php-font-lib\src\FontLib\Header.php", "PHP", 17, 0, 0, 0, 0, 0, 0, 0, 0, 0, 14, 6, 37
"c:\Users\Juan\Documents\2ºDAW\Servidor\ProyectoConciertos\dompdf\vendor\phenx\php-font-lib\src\FontLib\OpenType\File.php", "PHP", 4, 0, 0, 0, 0, 0, 0, 0, 0, 0, 12, 3, 19
"c:\Users\Juan\Documents\2ºDAW\Servidor\ProyectoConciertos\dompdf\vendor\phenx\php-font-lib\src\FontLib\OpenType\TableDirectoryEntry.php", "PHP", 4, 0, 0, 0, 0, 0, 0, 0, 0, 0, 11, 4, 19
"c:\Users\Juan\Documents\2ºDAW\Servidor\ProyectoConciertos\dompdf\vendor\phenx\php-font-lib\src\FontLib\Table\DirectoryEntry.php", "PHP", 75, 0, 0, 0, 0, 0, 0, 0, 0, 0, 29, 31, 135
"c:\Users\Juan\Documents\2ºDAW\Servidor\ProyectoConciertos\dompdf\vendor\phenx\php-font-lib\src\FontLib\Table\Table.php", "PHP", 57, 0, 0, 0, 0, 0, 0, 0, 0, 0, 17, 19, 93
"c:\Users\Juan\Documents\2ºDAW\Servidor\ProyectoConciertos\dompdf\vendor\phenx\php-font-lib\src\FontLib\Table\Type\cmap.php", "PHP", 216, 0, 0, 0, 0, 0, 0, 0, 0, 0, 16, 67, 299
"c:\Users\Juan\Documents\2ºDAW\Servidor\ProyectoConciertos\dompdf\vendor\phenx\php-font-lib\src\FontLib\Table\Type\glyf.php", "PHP", 109, 0, 0, 0, 0, 0, 0, 0, 0, 0, 12, 33, 154
"c:\Users\Juan\Documents\2ºDAW\Servidor\ProyectoConciertos\dompdf\vendor\phenx\php-font-lib\src\FontLib\Table\Type\head.php", "PHP", 31, 0, 0, 0, 0, 0, 0, 0, 0, 0, 11, 4, 46
"c:\Users\Juan\Documents\2ºDAW\Servidor\ProyectoConciertos\dompdf\vendor\phenx\php-font-lib\src\FontLib\Table\Type\hhea.php", "PHP", 29, 0, 0, 0, 0, 0, 0, 0, 0, 0, 11, 4, 44
"c:\Users\Juan\Documents\2ºDAW\Servidor\ProyectoConciertos\dompdf\vendor\phenx\php-font-lib\src\FontLib\Table\Type\hmtx.php", "PHP", 37, 0, 0, 0, 0, 0, 0, 0, 0, 0, 11, 11, 59
"c:\Users\Juan\Documents\2ºDAW\Servidor\ProyectoConciertos\dompdf\vendor\phenx\php-font-lib\src\FontLib\Table\Type\kern.php", "PHP", 51, 0, 0, 0, 0, 0, 0, 0, 0, 0, 13, 16, 80
"c:\Users\Juan\Documents\2ºDAW\Servidor\ProyectoConciertos\dompdf\vendor\phenx\php-font-lib\src\FontLib\Table\Type\loca.php", "PHP", 50, 0, 0, 0, 0, 0, 0, 0, 0, 0, 15, 15, 80
"c:\Users\Juan\Documents\2ºDAW\Servidor\ProyectoConciertos\dompdf\vendor\phenx\php-font-lib\src\FontLib\Table\Type\maxp.php", "PHP", 27, 0, 0, 0, 0, 0, 0, 0, 0, 0, 11, 4, 42
"c:\Users\Juan\Documents\2ºDAW\Servidor\ProyectoConciertos\dompdf\vendor\phenx\php-font-lib\src\FontLib\Table\Type\name.php", "PHP", 149, 0, 0, 0, 0, 0, 0, 0, 0, 0, 20, 25, 194
"c:\Users\Juan\Documents\2ºDAW\Servidor\ProyectoConciertos\dompdf\vendor\phenx\php-font-lib\src\FontLib\Table\Type\nameRecord.php", "PHP", 35, 0, 0, 0, 0, 0, 0, 0, 0, 0, 11, 7, 53
"c:\Users\Juan\Documents\2ºDAW\Servidor\ProyectoConciertos\dompdf\vendor\phenx\php-font-lib\src\FontLib\Table\Type\os2.php", "PHP", 34, 0, 0, 0, 0, 0, 0, 0, 0, 0, 11, 2, 47
"c:\Users\Juan\Documents\2ºDAW\Servidor\ProyectoConciertos\dompdf\vendor\phenx\php-font-lib\src\FontLib\Table\Type\post.php", "PHP", 62, 0, 0, 0, 0, 0, 0, 0, 0, 0, 62, 19, 143
"c:\Users\Juan\Documents\2ºDAW\Servidor\ProyectoConciertos\dompdf\vendor\phenx\php-font-lib\src\FontLib\TrueType\Collection.php", "PHP", 57, 0, 0, 0, 0, 0, 0, 0, 0, 0, 22, 22, 101
"c:\Users\Juan\Documents\2ºDAW\Servidor\ProyectoConciertos\dompdf\vendor\phenx\php-font-lib\src\FontLib\TrueType\File.php", "PHP", 318, 0, 0, 0, 0, 0, 0, 0, 0, 0, 71, 83, 472
"c:\Users\Juan\Documents\2ºDAW\Servidor\ProyectoConciertos\dompdf\vendor\phenx\php-font-lib\src\FontLib\TrueType\Header.php", "PHP", 16, 0, 0, 0, 0, 0, 0, 0, 0, 0, 11, 4, 31
"c:\Users\Juan\Documents\2ºDAW\Servidor\ProyectoConciertos\dompdf\vendor\phenx\php-font-lib\src\FontLib\TrueType\TableDirectoryEntry.php", "PHP", 16, 0, 0, 0, 0, 0, 0, 0, 0, 0, 11, 7, 34
"c:\Users\Juan\Documents\2ºDAW\Servidor\ProyectoConciertos\dompdf\vendor\phenx\php-font-lib\src\FontLib\WOFF\File.php", "PHP", 46, 0, 0, 0, 0, 0, 0, 0, 0, 0, 19, 17, 82
"c:\Users\Juan\Documents\2ºDAW\Servidor\ProyectoConciertos\dompdf\vendor\phenx\php-font-lib\src\FontLib\WOFF\Header.php", "PHP", 19, 0, 0, 0, 0, 0, 0, 0, 0, 0, 11, 2, 32
"c:\Users\Juan\Documents\2ºDAW\Servidor\ProyectoConciertos\dompdf\vendor\phenx\php-font-lib\src\FontLib\WOFF\TableDirectoryEntry.php", "PHP", 17, 0, 0, 0, 0, 0, 0, 0, 0, 0, 11, 7, 35
"c:\Users\Juan\Documents\2ºDAW\Servidor\ProyectoConciertos\dompdf\vendor\phenx\php-svg-lib\README.md", "Markdown", 0, 0, 0, 0, 8, 0, 0, 0, 0, 0, 0, 6, 14
"c:\Users\Juan\Documents\2ºDAW\Servidor\ProyectoConciertos\dompdf\vendor\phenx\php-svg-lib\composer.json", "JSON", 0, 0, 0, 31, 0, 0, 0, 0, 0, 0, 0, 1, 32
"c:\Users\Juan\Documents\2ºDAW\Servidor\ProyectoConciertos\dompdf\vendor\phenx\php-svg-lib\src\Svg\CssLength.php", "PHP", 72, 0, 0, 0, 0, 0, 0, 0, 0, 0, 48, 15, 135
"c:\Users\Juan\Documents\2ºDAW\Servidor\ProyectoConciertos\dompdf\vendor\phenx\php-svg-lib\src\Svg\DefaultStyle.php", "PHP", 19, 0, 0, 0, 0, 0, 0, 0, 0, 0, 6, 5, 30
"c:\Users\Juan\Documents\2ºDAW\Servidor\ProyectoConciertos\dompdf\vendor\phenx\php-svg-lib\src\Svg\Document.php", "PHP", 301, 0, 0, 0, 0, 0, 0, 0, 0, 0, 25, 81, 407
"c:\Users\Juan\Documents\2ºDAW\Servidor\ProyectoConciertos\dompdf\vendor\phenx\php-svg-lib\src\Svg\Gradient\Stop.php", "PHP", 8, 0, 0, 0, 0, 0, 0, 0, 0, 0, 6, 3, 17
"c:\Users\Juan\Documents\2ºDAW\Servidor\ProyectoConciertos\dompdf\vendor\phenx\php-svg-lib\src\Svg\Style.php", "PHP", 445, 0, 0, 0, 0, 0, 0, 0, 0, 0, 32, 65, 542
"c:\Users\Juan\Documents\2ºDAW\Servidor\ProyectoConciertos\dompdf\vendor\phenx\php-svg-lib\src\Svg\Surface\CPdf.php", "PHP", 3888, 0, 0, 0, 0, 0, 0, 0, 0, 0, 1609, 922, 6419
"c:\Users\Juan\Documents\2ºDAW\Servidor\ProyectoConciertos\dompdf\vendor\phenx\php-svg-lib\src\Svg\Surface\SurfaceCpdf.php", "PHP", 367, 0, 0, 0, 0, 0, 0, 0, 0, 0, 24, 105, 496
"c:\Users\Juan\Documents\2ºDAW\Servidor\ProyectoConciertos\dompdf\vendor\phenx\php-svg-lib\src\Svg\Surface\SurfaceInterface.php", "PHP", 37, 0, 0, 0, 0, 0, 0, 0, 0, 0, 20, 34, 91
"c:\Users\Juan\Documents\2ºDAW\Servidor\ProyectoConciertos\dompdf\vendor\phenx\php-svg-lib\src\Svg\Surface\SurfacePDFLib.php", "PHP", 318, 0, 0, 0, 0, 0, 0, 0, 0, 0, 26, 87, 431
"c:\Users\Juan\Documents\2ºDAW\Servidor\ProyectoConciertos\dompdf\vendor\phenx\php-svg-lib\src\Svg\Tag\AbstractTag.php", "PHP", 164, 0, 0, 0, 0, 0, 0, 0, 0, 0, 32, 41, 237
"c:\Users\Juan\Documents\2ºDAW\Servidor\ProyectoConciertos\dompdf\vendor\phenx\php-svg-lib\src\Svg\Tag\Anchor.php", "PHP", 5, 0, 0, 0, 0, 0, 0, 0, 0, 0, 6, 4, 15
"c:\Users\Juan\Documents\2ºDAW\Servidor\ProyectoConciertos\dompdf\vendor\phenx\php-svg-lib\src\Svg\Tag\Circle.php", "PHP", 25, 0, 0, 0, 0, 0, 0, 0, 0, 0, 6, 6, 37
"c:\Users\Juan\Documents\2ºDAW\Servidor\ProyectoConciertos\dompdf\vendor\phenx\php-svg-lib\src\Svg\Tag\ClipPath.php", "PHP", 19, 0, 0, 0, 0, 0, 0, 0, 0, 0, 6, 9, 34
"c:\Users\Juan\Documents\2ºDAW\Servidor\ProyectoConciertos\dompdf\vendor\phenx\php-svg-lib\src\Svg\Tag\Ellipse.php", "PHP", 29, 0, 0, 0, 0, 0, 0, 0, 0, 0, 6, 8, 43
"c:\Users\Juan\Documents\2ºDAW\Servidor\ProyectoConciertos\dompdf\vendor\phenx\php-svg-lib\src\Svg\Tag\Group.php", "PHP", 19, 0, 0, 0, 0, 0, 0, 0, 0, 0, 6, 9, 34
"c:\Users\Juan\Documents\2ºDAW\Servidor\ProyectoConciertos\dompdf\vendor\phenx\php-svg-lib\src\Svg\Tag\Image.php", "PHP", 48, 0, 0, 0, 0, 0, 0, 0, 0, 0, 6, 15, 69
"c:\Users\Juan\Documents\2ºDAW\Servidor\ProyectoConciertos\dompdf\vendor\phenx\php-svg-lib\src\Svg\Tag\Line.php", "PHP", 30, 0, 0, 0, 0, 0, 0, 0, 0, 0, 6, 8, 44
"c:\Users\Juan\Documents\2ºDAW\Servidor\ProyectoConciertos\dompdf\vendor\phenx\php-svg-lib\src\Svg\Tag\LinearGradient.php", "PHP", 59, 0, 0, 0, 0, 0, 0, 0, 0, 0, 9, 16, 84
"c:\Users\Juan\Documents\2ºDAW\Servidor\ProyectoConciertos\dompdf\vendor\phenx\php-svg-lib\src\Svg\Tag\Path.php", "PHP", 472, 0, 0, 0, 0, 0, 0, 0, 0, 0, 31, 74, 577
"c:\Users\Juan\Documents\2ºDAW\Servidor\ProyectoConciertos\dompdf\vendor\phenx\php-svg-lib\src\Svg\Tag\Polygon.php", "PHP", 27, 0, 0, 0, 0, 0, 0, 0, 0, 0, 8, 8, 43
"c:\Users\Juan\Documents\2ºDAW\Servidor\ProyectoConciertos\dompdf\vendor\phenx\php-svg-lib\src\Svg\Tag\Polyline.php", "PHP", 26, 0, 0, 0, 0, 0, 0, 0, 0, 0, 8, 7, 41
"c:\Users\Juan\Documents\2ºDAW\Servidor\ProyectoConciertos\dompdf\vendor\phenx\php-svg-lib\src\Svg\Tag\RadialGradient.php", "PHP", 8, 0, 0, 0, 0, 0, 0, 0, 0, 0, 6, 4, 18
"c:\Users\Juan\Documents\2ºDAW\Servidor\ProyectoConciertos\dompdf\vendor\phenx\php-svg-lib\src\Svg\Tag\Rect.php", "PHP", 36, 0, 0, 0, 0, 0, 0, 0, 0, 0, 6, 9, 51
"c:\Users\Juan\Documents\2ºDAW\Servidor\ProyectoConciertos\dompdf\vendor\phenx\php-svg-lib\src\Svg\Tag\Shape.php", "PHP", 38, 0, 0, 0, 0, 0, 0, 0, 0, 0, 12, 13, 63
"c:\Users\Juan\Documents\2ºDAW\Servidor\ProyectoConciertos\dompdf\vendor\phenx\php-svg-lib\src\Svg\Tag\Stop.php", "PHP", 8, 0, 0, 0, 0, 0, 0, 0, 0, 0, 6, 4, 18
"c:\Users\Juan\Documents\2ºDAW\Servidor\ProyectoConciertos\dompdf\vendor\phenx\php-svg-lib\src\Svg\Tag\StyleTag.php", "PHP", 16, 0, 0, 0, 0, 0, 0, 0, 0, 0, 6, 6, 28
"c:\Users\Juan\Documents\2ºDAW\Servidor\ProyectoConciertos\dompdf\vendor\phenx\php-svg-lib\src\Svg\Tag\Text.php", "PHP", 53, 0, 0, 0, 0, 0, 0, 0, 0, 0, 6, 14, 73
"c:\Users\Juan\Documents\2ºDAW\Servidor\ProyectoConciertos\dompdf\vendor\phenx\php-svg-lib\src\Svg\Tag\UseTag.php", "PHP", 72, 0, 0, 0, 0, 0, 0, 0, 0, 0, 7, 24, 103
"c:\Users\Juan\Documents\2ºDAW\Servidor\ProyectoConciertos\dompdf\vendor\sabberworm\php-css-parser\CHANGELOG.md", "Markdown", 0, 0, 0, 0, 161, 0, 0, 0, 0, 0, 0, 81, 242
"c:\Users\Juan\Documents\2ºDAW\Servidor\ProyectoConciertos\dompdf\vendor\sabberworm\php-css-parser\README.md", "Markdown", 0, 0, 0, 0, 546, 0, 0, 0, 0, 0, 0, 87, 633
"c:\Users\Juan\Documents\2ºDAW\Servidor\ProyectoConciertos\dompdf\vendor\sabberworm\php-css-parser\composer.json", "JSON", 0, 0, 0, 69, 0, 0, 0, 0, 0, 0, 0, 1, 70
"c:\Users\Juan\Documents\2ºDAW\Servidor\ProyectoConciertos\dompdf\vendor\sabberworm\php-css-parser\src\CSSList\AtRuleBlockList.php", "PHP", 44, 0, 0, 0, 0, 0, 0, 0, 0, 0, 29, 11, 84
"c:\Users\Juan\Documents\2ºDAW\Servidor\ProyectoConciertos\dompdf\vendor\sabberworm\php-css-parser\src\CSSList\CSSBlockList.php", "PHP", 101, 0, 0, 0, 0, 0, 0, 0, 0, 0, 35, 8, 144
"c:\Users\Juan\Documents\2ºDAW\Servidor\ProyectoConciertos\dompdf\vendor\sabberworm\php-css-parser\src\CSSList\CSSList.php", "PHP", 318, 0, 0, 0, 0, 0, 0, 0, 0, 0, 134, 28, 480
"c:\Users\Juan\Documents\2ºDAW\Servidor\ProyectoConciertos\dompdf\vendor\sabberworm\php-css-parser\src\CSSList\Document.php", "PHP", 80, 0, 0, 0, 0, 0, 0, 0, 0, 0, 79, 14, 173
"c:\Users\Juan\Documents\2ºDAW\Servidor\ProyectoConciertos\dompdf\vendor\sabberworm\php-css-parser\src\CSSList\KeyFrame.php", "PHP", 54, 0, 0, 0, 0, 0, 0, 0, 0, 0, 36, 15, 105
"c:\Users\Juan\Documents\2ºDAW\Servidor\ProyectoConciertos\dompdf\vendor\sabberworm\php-css-parser\src\Comment\Comment.php", "PHP", 34, 0, 0, 0, 0, 0, 0, 0, 0, 0, 27, 11, 72
"c:\Users\Juan\Documents\2ºDAW\Servidor\ProyectoConciertos\dompdf\vendor\sabberworm\php-css-parser\src\Comment\Commentable.php", "PHP", 8, 0, 0, 0, 0, 0, 0, 0, 0, 0, 13, 5, 26
"c:\Users\Juan\Documents\2ºDAW\Servidor\ProyectoConciertos\dompdf\vendor\sabberworm\php-css-parser\src\OutputFormat.php", "PHP", 134, 0, 0, 0, 0, 0, 0, 0, 0, 0, 161, 40, 335
"c:\Users\Juan\Documents\2ºDAW\Servidor\ProyectoConciertos\dompdf\vendor\sabberworm\php-css-parser\src\OutputFormatter.php", "PHP", 127, 0, 0, 0, 0, 0, 0, 0, 0, 0, 82, 23, 232
"c:\Users\Juan\Documents\2ºDAW\Servidor\ProyectoConciertos\dompdf\vendor\sabberworm\php-css-parser\src\Parser.php", "PHP", 28, 0, 0, 0, 0, 0, 0, 0, 0, 0, 25, 8, 61
"c:\Users\Juan\Documents\2ºDAW\Servidor\ProyectoConciertos\dompdf\vendor\sabberworm\php-css-parser\src\Parsing\OutputException.php", "PHP", 9, 0, 0, 0, 0, 0, 0, 0, 0, 0, 7, 3, 19
"c:\Users\Juan\Documents\2ºDAW\Servidor\ProyectoConciertos\dompdf\vendor\sabberworm\php-css-parser\src\Parsing\ParserState.php", "PHP", 313, 0, 0, 0, 0, 0, 0, 0, 0, 0, 164, 40, 517
"c:\Users\Juan\Documents\2ºDAW\Servidor\ProyectoConciertos\dompdf\vendor\sabberworm\php-css-parser\src\Parsing\SourceException.php", "PHP", 18, 0, 0, 0, 0, 0, 0, 0, 0, 0, 10, 5, 33
"c:\Users\Juan\Documents\2ºDAW\Servidor\ProyectoConciertos\dompdf\vendor\sabberworm\php-css-parser\src\Parsing\UnexpectedEOFException.php", "PHP", 5, 0, 0, 0, 0, 0, 0, 0, 0, 0, 5, 3, 13
"c:\Users\Juan\Documents\2ºDAW\Servidor\ProyectoConciertos\dompdf\vendor\sabberworm\php-css-parser\src\Parsing\UnexpectedTokenException.php", "PHP", 25, 0, 0, 0, 0, 0, 0, 0, 0, 0, 20, 7, 52
"c:\Users\Juan\Documents\2ºDAW\Servidor\ProyectoConciertos\dompdf\vendor\sabberworm\php-css-parser\src\Property\AtRule.php", "PHP", 11, 0, 0, 0, 0, 0, 0, 0, 0, 0, 17, 7, 35
"c:\Users\Juan\Documents\2ºDAW\Servidor\ProyectoConciertos\dompdf\vendor\sabberworm\php-css-parser\src\Property\CSSNamespace.php", "PHP", 71, 0, 0, 0, 0, 0, 0, 0, 0, 0, 64, 20, 155
"c:\Users\Juan\Documents\2ºDAW\Servidor\ProyectoConciertos\dompdf\vendor\sabberworm\php-css-parser\src\Property\Charset.php", "PHP", 56, 0, 0, 0, 0, 0, 0, 0, 0, 0, 57, 17, 130
"c:\Users\Juan\Documents\2ºDAW\Servidor\ProyectoConciertos\dompdf\vendor\sabberworm\php-css-parser\src\Property\Import.php", "PHP", 64, 0, 0, 0, 0, 0, 0, 0, 0, 0, 56, 18, 138
"c:\Users\Juan\Documents\2ºDAW\Servidor\ProyectoConciertos\dompdf\vendor\sabberworm\php-css-parser\src\Property\KeyframeSelector.php", "PHP", 16, 0, 0, 0, 0, 0, 0, 0, 0, 0, 5, 3, 24
"c:\Users\Juan\Documents\2ºDAW\Servidor\ProyectoConciertos\dompdf\vendor\sabberworm\php-css-parser\src\Property\Selector.php", "PHP", 77, 0, 0, 0, 0, 0, 0, 0, 0, 0, 49, 13, 139
"c:\Users\Juan\Documents\2ºDAW\Servidor\ProyectoConciertos\dompdf\vendor\sabberworm\php-css-parser\src\Renderable.php", "PHP", 8, 0, 0, 0, 0, 0, 0, 0, 0, 0, 9, 5, 22
"c:\Users\Juan\Documents\2ºDAW\Servidor\ProyectoConciertos\dompdf\vendor\sabberworm\php-css-parser\src\RuleSet\AtRuleSet.php", "PHP", 38, 0, 0, 0, 0, 0, 0, 0, 0, 0, 26, 10, 74
"c:\Users\Juan\Documents\2ºDAW\Servidor\ProyectoConciertos\dompdf\vendor\sabberworm\php-css-parser\src\RuleSet\DeclarationBlock.php", "PHP", 656, 0, 0, 0, 0, 0, 0, 0, 0, 0, 149, 27, 832
"c:\Users\Juan\Documents\2ºDAW\Servidor\ProyectoConciertos\dompdf\vendor\sabberworm\php-css-parser\src\RuleSet\RuleSet.php", "PHP", 189, 0, 0, 0, 0, 0, 0, 0, 0, 0, 114, 24, 327
"c:\Users\Juan\Documents\2ºDAW\Servidor\ProyectoConciertos\dompdf\vendor\sabberworm\php-css-parser\src\Rule\Rule.php", "PHP", 225, 0, 0, 0, 0, 0, 0, 0, 0, 0, 134, 34, 393
"c:\Users\Juan\Documents\2ºDAW\Servidor\ProyectoConciertos\dompdf\vendor\sabberworm\php-css-parser\src\Settings.php", "PHP", 35, 0, 0, 0, 0, 0, 0, 0, 0, 0, 44, 11, 90
"c:\Users\Juan\Documents\2ºDAW\Servidor\ProyectoConciertos\dompdf\vendor\sabberworm\php-css-parser\src\Value\CSSFunction.php", "PHP", 38, 0, 0, 0, 0, 0, 0, 0, 0, 0, 26, 10, 74
"c:\Users\Juan\Documents\2ºDAW\Servidor\ProyectoConciertos\dompdf\vendor\sabberworm\php-css-parser\src\Value\CSSString.php", "PHP", 67, 0, 0, 0, 0, 0, 0, 0, 0, 0, 29, 10, 106
"c:\Users\Juan\Documents\2ºDAW\Servidor\ProyectoConciertos\dompdf\vendor\sabberworm\php-css-parser\src\Value\CalcFunction.php", "PHP", 72, 0, 0, 0, 0, 0, 0, 0, 0, 0, 12, 6, 90
"c:\Users\Juan\Documents\2ºDAW\Servidor\ProyectoConciertos\dompdf\vendor\sabberworm\php-css-parser\src\Value\CalcRuleValueList.php", "PHP", 14, 0, 0, 0, 0, 0, 0, 0, 0, 0, 6, 5, 25
"c:\Users\Juan\Documents\2ºDAW\Servidor\ProyectoConciertos\dompdf\vendor\sabberworm\php-css-parser\src\Value\Color.php", "PHP", 113, 0, 0, 0, 0, 0, 0, 0, 0, 0, 38, 16, 167
"c:\Users\Juan\Documents\2ºDAW\Servidor\ProyectoConciertos\dompdf\vendor\sabberworm\php-css-parser\src\Value\LineName.php", "PHP", 43, 0, 0, 0, 0, 0, 0, 0, 0, 0, 16, 7, 66
"c:\Users\Juan\Documents\2ºDAW\Servidor\ProyectoConciertos\dompdf\vendor\sabberworm\php-css-parser\src\Value\PrimitiveValue.php", "PHP", 9, 0, 0, 0, 0, 0, 0, 0, 0, 0, 3, 3, 15
"c:\Users\Juan\Documents\2ºDAW\Servidor\ProyectoConciertos\dompdf\vendor\sabberworm\php-css-parser\src\Value\RuleValueList.php", "PHP", 9, 0, 0, 0, 0, 0, 0, 0, 0, 0, 4, 3, 16
"c:\Users\Juan\Documents\2ºDAW\Servidor\ProyectoConciertos\dompdf\vendor\sabberworm\php-css-parser\src\Value\Size.php", "PHP", 114, 0, 0, 0, 0, 0, 0, 0, 0, 0, 71, 25, 210
"c:\Users\Juan\Documents\2ºDAW\Servidor\ProyectoConciertos\dompdf\vendor\sabberworm\php-css-parser\src\Value\URL.php", "PHP", 48, 0, 0, 0, 0, 0, 0, 0, 0, 0, 25, 10, 83
"c:\Users\Juan\Documents\2ºDAW\Servidor\ProyectoConciertos\dompdf\vendor\sabberworm\php-css-parser\src\Value\Value.php", "PHP", 138, 0, 0, 0, 0, 0, 0, 0, 0, 0, 48, 13, 199
"c:\Users\Juan\Documents\2ºDAW\Servidor\ProyectoConciertos\dompdf\vendor\sabberworm\php-css-parser\src\Value\ValueList.php", "PHP", 49, 0, 0, 0, 0, 0, 0, 0, 0, 0, 39, 13, 101
"c:\Users\Juan\Documents\2ºDAW\Servidor\ProyectoConciertos\phpqrcode\bindings\tcpdf\qrcode.php", "PHP", 1688, 0, 0, 0, 0, 0, 0, 0, 0, 0, 976, 212, 2876
"c:\Users\Juan\Documents\2ºDAW\Servidor\ProyectoConciertos\phpqrcode\index.php", "PHP", 38, 0, 0, 0, 0, 0, 0, 0, 0, 0, 33, 23, 94
"c:\Users\Juan\Documents\2ºDAW\Servidor\ProyectoConciertos\phpqrcode\phpqrcode.php", "PHP", 2160, 0, 0, 0, 0, 0, 0, 0, 0, 0, 495, 658, 3313
"c:\Users\Juan\Documents\2ºDAW\Servidor\ProyectoConciertos\phpqrcode\qrbitstream.php", "PHP", 113, 0, 0, 0, 0, 0, 0, 0, 0, 0, 33, 35, 181
"c:\Users\Juan\Documents\2ºDAW\Servidor\ProyectoConciertos\phpqrcode\qrconfig.php", "PHP", 8, 0, 0, 0, 0, 0, 0, 0, 0, 0, 5, 4, 17
"c:\Users\Juan\Documents\2ºDAW\Servidor\ProyectoConciertos\phpqrcode\qrconst.php", "PHP", 18, 0, 0, 0, 0, 0, 0, 0, 0, 0, 28, 8, 54
"c:\Users\Juan\Documents\2ºDAW\Servidor\ProyectoConciertos\phpqrcode\qrencode.php", "PHP", 357, 0, 0, 0, 0, 0, 0, 0, 0, 0, 50, 96, 503
"c:\Users\Juan\Documents\2ºDAW\Servidor\ProyectoConciertos\phpqrcode\qrimage.php", "PHP", 54, 0, 0, 0, 0, 0, 0, 0, 0, 0, 25, 16, 95
"c:\Users\Juan\Documents\2ºDAW\Servidor\ProyectoConciertos\phpqrcode\qrinput.php", "PHP", 515, 0, 0, 0, 0, 0, 0, 0, 0, 0, 63, 151, 729
"c:\Users\Juan\Documents\2ºDAW\Servidor\ProyectoConciertos\phpqrcode\qrlib.php", "PHP", 13, 0, 0, 0, 0, 0, 0, 0, 0, 0, 26, 5, 44
"c:\Users\Juan\Documents\2ºDAW\Servidor\ProyectoConciertos\phpqrcode\qrmask.php", "PHP", 234, 0, 0, 0, 0, 0, 0, 0, 0, 0, 37, 58, 329
"c:\Users\Juan\Documents\2ºDAW\Servidor\ProyectoConciertos\phpqrcode\qrrscode.php", "PHP", 126, 0, 0, 0, 0, 0, 0, 0, 0, 0, 49, 35, 210
"c:\Users\Juan\Documents\2ºDAW\Servidor\ProyectoConciertos\phpqrcode\qrspec.php", "PHP", 417, 0, 0, 0, 0, 0, 0, 0, 0, 0, 85, 90, 592
"c:\Users\Juan\Documents\2ºDAW\Servidor\ProyectoConciertos\phpqrcode\qrsplit.php", "PHP", 219, 0, 0, 0, 0, 0, 0, 0, 0, 0, 42, 50, 311
"c:\Users\Juan\Documents\2ºDAW\Servidor\ProyectoConciertos\phpqrcode\qrtools.php", "PHP", 109, 0, 0, 0, 0, 0, 0, 0, 0, 0, 31, 32, 172
"c:\Users\Juan\Documents\2ºDAW\Servidor\ProyectoConciertos\phpqrcode\tools\merge.bat", "Batch", 0, 0, 2, 0, 0, 0, 0, 0, 0, 0, 0, 0, 2
"c:\Users\Juan\Documents\2ºDAW\Servidor\ProyectoConciertos\phpqrcode\tools\merge.php", "PHP", 32, 0, 0, 0, 0, 0, 0, 0, 0, 0, 25, 13, 70
"c:\Users\Juan\Documents\2ºDAW\Servidor\ProyectoConciertos\phpqrcode\tools\merge.sh", "Shell Script", 0, 1, 0, 0, 0, 0, 0, 0, 0, 0, 1, 0, 2
"c:\Users\Juan\Documents\2ºDAW\Servidor\ProyectoConciertos\phpqrcode\tools\merged_config.php", "PHP", 8, 0, 0, 0, 0, 0, 0, 0, 0, 0, 5, 4, 17
"c:\Users\Juan\Documents\2ºDAW\Servidor\ProyectoConciertos\phpqrcode\tools\merged_header.php", "PHP", 1, 0, 0, 0, 0, 0, 0, 0, 0, 0, 32, 3, 36
"Total", "-", 51315, 1, 2, 1836, 1686, 35, 394, 8, 0, 17, 22208, 11634, 89136